source,target,weight
167746,170945,0.31724748
170945,184471,0.3140282
170945,167746,0.31724748
184471,170945,0.3140282
